{
  "web": {
    "client_id": "140910310794-ssprlqrm814i1fq5kk9go0tfaei31cnb.apps.googleusercontent.com",
    
    "project_id": "gcal-303114",
    "auth_uri": "https://accounts.google.com/o/oauth2/auth",
    "token_uri": "https://oauth2.googleapis.com/token",
    "auth_provider_x509_cert_url": "https://www.googleapis.com/oauth2/v1/certs",
    "client_secret": "YZhWj7DikfVsV1Llng3NJmWC",
    "redirect_uris": [ "http://localhost:56071/event/gcal" ],
    "javascript_origins": [ "http://localhost:8000" ]
  }
}