{
  "version": "1.0",
  "defaultProvider": "cdnjs",
   "libraries": [
      {
         "library": "twitter-bootstrap@4.3.1",
         "destination": "wwwroot/lib/bootstrap/",
         "files": [
            "css/bootstrap.min.css",
            "js/bootstrap.min.js"
         ]
      },
      {
         "library": "jquery@3.4.1",
         "destination": "wwwroot/lib/jquery/",
         "files": [
            "jquery.min.js"
         ]
      },
      {
         "library": "jquery-validate@1.19.1",
         "destination": "wwwroot/lib/jquery/",
         "files": [
            "jquery.validate.min.js"
         ]
      },
      {
         "library": "jquery-validation-unobtrusive@3.2.11",
         "destination": "wwwroot/lib/jquery/",
         "files": [
            "jquery.validate.unobtrusive.min.js"
         ]
      },
      {
         "library": "datatables@1.10.19",
         "destination": "wwwroot/lib/datatables/",
         "files": [
            "js/jquery.dataTables.min.js",
            "css/jquery.dataTables.min.css"
         ]
      },
      {
         "library": "moment.js@2.24.0",
         "destination": "wwwroot/lib/moment/",
         "files": [
            "moment.min.js"
         ]
      },
      {
         "library": "tempusdominus-bootstrap-4@5.1.2",
         "destination": "wwwroot/lib/dtpicker/",
         "files": [
            "js/tempusdominus-bootstrap-4.min.js",
            "css/tempusdominus-bootstrap-4.min.css"
         ]
      },
      {
         "library": "font-awesome@5.11.2",
         "destination": "wwwroot/lib/font-awesome/"
      },
	  {
         "library": "Chart.js@2.9.3",
         "destination": "wwwroot/lib/chartjs/",
         "files": [
            "Chart.min.js"
         ]
      },
   ]
}